{
  "sections": [
    {
      "section": "Common",
      "entries": [
        { "text": "Client", "class": "Dropbox.Client" },
        { "text": "AuthDriver", "class": "Dropbox.AuthDriver" },
        { "text": "AccountInfo", "class": "Dropbox.AccountInfo" },
        { "text": "ApiError", "class": "Dropbox.ApiError" },
        { "text": "AuthError", "class": "Dropbox.AuthError" }
      ]
    },
    {
      "section": "Files",
      "entries": [
        { "text": "Stat", "class": "Dropbox.File.Stat" },
        { "text": "CopyReference", "class": "Dropbox.File.CopyReference" },
        { "text": "ShareUrl", "class": "Dropbox.File.ShareUrl" }
      ]
    }
  ]
}
